uid,sum
3,8.88
5,100.10000000000001
35,31553.600000000006
67,40.699999999999996
68,170.35000000000002
179,165.95
187,18887.800000000003
196,47352.45
197,10309.000000000002
202,11.9
329,0.1
578,294.2
581,7346.500000000003
620,19.55
674,41.44999999999999
689,8615.6
779,387.09999999999997
912,11584.200000000004
1128,417.1000000000001
1132,25168.549999999996
1200,5760.400000000001
1488,50.1
1732,1797.85
1733,42.6
1736,0.1
1738,18967.90000000001
1740,12684.000000000005
1742,0.4
1789,1.8
2040,2186.5500000000006
2443,2039.1000000000008
2464,9861.200000000003
2550,388.20000000000005
2865,99.95
2901,41027.750000000015
2951,2441.2499999999995
2962,22072.15000000001
3211,1837.1499999999996
3832,13131.750000000005
3998,1.8
4770,9.600000000000001
5269,3166.2
5426,2098.2999999999997
5453,1425.0000000000005
5462,21756.0
5465,734.4000000000003
5470,47.30000000000001
5474,4304.950000000001
5943,1698.0499999999993
5964,443.9
6095,3958.900000000001
6236,43515.200000000004
6239,44430.4
6249,698.85
6288,2534.6
6429,2.4
7715,26304.24999999999
7815,11659.350000000002
8048,20.759999999999998
8766,205.04999999999998
9102,14516.949999999995
9196,55.45
10162,561.45
10570,21.700000000000003
10681,744.8499999999999
10874,686.55
11688,274.65
14217,65.2
14257,3.9000000000000004
20013,72.2
21355,21.15
26492,192.1
29387,622.6000000000001
29971,28.9
32116,7164.199999999997
35665,1989.500000000001
38156,158.00000000000003
38603,27.5
43435,4.35
44232,6.050000000000001
46578,4.800000000000001
47157,409.0999999999999
47169,10282.650000000003
55681,20.95
58619,46.900000000000006
61003,6.0
68654,2.3000000000000003
82607,350.90000000000003
111831,234.15000000000003
112439,14738.800000000001
112445,32218.4
112450,849.6
113664,7272.150000000002
116071,9177.2
116268,188.20000000000005
116592,3.15
117313,30374.399999999998
117832,2119.8000000000006
117852,317.1
117907,0.1
118174,291.4000000000001
119793,1475.4
120297,2973.5499999999997
121307,19.700000000000003
121496,1911.55
121784,1253.8500000000001
122580,54.15
123500,3208.2499999999995
124762,1358.1999999999996
125175,1.1500000000000001
127663,60.45
128100,127.6
128249,781.25
130205,542.3
130731,1036.8999999999999
131737,77.39999999999999
131966,1370.7999999999997
132393,0.45
132408,46.45
133346,48.95000000000001
134103,8.0
134585,12.600000000000001
136721,426.0999999999999
139251,0.5
139454,506.6500000000001
139870,1905.0
140300,8.8
141846,7.65
142394,129.29999999999998
142818,402.5
143160,1432.4500000000007
143161,2405.7000000000003
143381,5671.849999999999
143405,1.4
143477,3626.8999999999987
143671,6679.8499999999985
143998,0.75
144035,114.9
144044,17744.7
144524,16.65
144602,1.8
144834,0.6000000000000001
144864,13645.450000000003
144943,1411.4999999999998
145147,536.6
145883,0.2
146865,7984.05
147052,1.0
147159,8178.700000000003
147250,690.7
147734,188.50000000000003
147875,2294.3500000000004
148025,85.85
148497,2518.75
148619,0.5
148657,2.45
148684,1804.0500000000002
149327,16.25
149449,2208.7000000000007
149667,61.550000000000004
149748,0.30000000000000004
149858,8366.549999999997
149868,37.800000000000004
150008,2.6
150680,26.3
150751,13.25
150772,3138.5499999999997
150895,224.85000000000002
151137,6058.150000000008
151234,21.200000000000003
151295,5.3
151330,168.85
151484,10666.150000000001
154049,1030.7500000000002
154065,111.40000000000002
154093,4.8
154102,17.1
154257,3.7
154302,118.80000000000001
154462,5.300000000000001
154645,37.449999999999996
156228,2885.6999999999994
156275,13127.29
156277,31768.4
156452,1175.4500000000003
156544,27.15
158204,11876.8
158206,14040.700000000003
159008,331.5
159489,16.55
159995,33.3
160244,9303.25000000001
160256,4965.499999999996
160622,2674.4
162154,6.4
165090,208.10000000000002
165317,446.2
166164,811.25
166303,18845.449999999993
166404,9092.2
166893,21.6
167358,79.80000000000001
167394,19.2
167535,11.4
167539,14.9
167738,562.1000000000001
167835,22.5
168111,190.2
168376,14.899999999999999
168405,19835.0
168654,0.55
168656,7310.500000000003
168755,74.0
169204,14.799999999999999
169206,578.2
169243,672.8999999999999
169274,875.5500000000001
169307,79.25
169802,7.8999999999999995
170026,1433.9999999999995
170093,17.5
170286,259.84999999999997
170673,239.49999999999997
170722,170.45
170915,2.2
171044,80.25
171198,241.94999999999996
171250,1746.6499999999996
171326,1155.3000000000002
171519,215.85000000000002
171652,223.85
171786,1557.4
171802,48.849999999999994
171992,1359.5999999999995
172074,7.000000000000001
172617,25.000000000000004
172669,677.3500000000001
172958,1036.15
172971,2254.5500000000006
173050,21.550000000000004
173271,66.30000000000001
173450,298.15
173568,8.85
173779,0.1
173854,3609.35
173864,4075.500000000002
173949,227.54999999999998
174895,5851.800000000002
175197,274.8
175218,19.700000000000003
175227,34.6
175239,166.55
175285,254.35000000000002
175635,267.80000000000007
175687,77.4
175739,122.55000000000001
175809,938.7000000000002
175877,63.25000000000001
176001,4336.449999999999
176173,650.95
176470,92.0
176507,5.1
176574,86.15
176600,0.44999999999999996
176637,989.95
176736,58.14999999999999
176879,8.4
177090,1.35
177104,25.8
177106,6.1000000000000005
177319,43.199999999999996
177355,4.05
177376,671.6
177699,3609.1499999999983
177807,90.95000000000003
177852,59.449999999999996
177911,13.6
177959,2.55
177987,22.2
178118,14.85
178124,66.5
178200,553.7499999999998
178237,51.95
178266,411.3499999999999
178291,609.05
178451,2.0
178472,610.8500000000001
178640,406.8999999999999
178662,33.25
178685,0.6
178803,14.05
179105,1.8
179111,1.2000000000000002
179421,2291.9999999999986
179453,203.30000000000004
179505,3949.5999999999976
179646,0.7000000000000001
179693,0.1
179710,743.2500000000001
179825,3642.8499999999995
180166,611.1999999999999
180259,149.65
180538,92.75
180606,3079.5000000000005
180716,2634.1499999999996
180830,21.75
180884,278.8
180946,51.79999999999999
180995,1.8499999999999999
181082,983.9999999999999
181147,61.349999999999994
181214,1.05
181469,524.7
181472,2908.5500000000006
181533,849.0000000000001
181678,10.8
181686,12.55
181823,89.54999999999998
181841,2461.1999999999994
181860,998.1499999999999
182266,6.3
182343,0.15
182545,1.35
182643,144.74999999999997
182652,37.2
182923,39.550000000000004
182973,697.65
182988,186.99999999999994
183100,925.0999999999997
183118,187.65
183214,44.35
183307,41.3
183407,70.70000000000006
183443,5325.149999999997
183470,363.5000000000001
183781,554.45
183797,30.0
183834,255.25
183894,1.3
183912,4682.199999999999
183920,29.200000000000003
184247,126.55000000000001
184264,21.25
184409,131.55
184831,35.00000000000001
184889,11.200000000000001
184891,1129.8999999999999
184901,3457.7499999999977
184957,24.15
184959,3222.9500000000007
184963,10659.05
185049,3918.55
185099,611.4499999999999
185131,97.95
185291,58.849999999999994
185304,4130.350000000001
185335,1069.7500000000002
185374,165.0
185396,3802.100000000001
185559,681.8000000000001
185586,732.4
185643,38.65
185736,1.7000000000000002
185758,2610.65
185772,79.60000000000001
185829,146.65000000000003
185837,0.8
185845,993.85
185985,484.65
186092,169.79999999999998
186155,930.85
186180,3988.0
186218,19.25
186235,74.05
186270,309.45
186303,8.1
186318,58.1
186363,25.749999999999996
186431,1252.6999999999996
186615,394.3999999999999
186642,1.95
186689,624.7000000000003
186725,1469.1499999999999
186727,65.3
186735,134.34999999999997
186864,10.0
186870,398.95
186910,2815.7000000000003
186941,16.65
187154,96.70000000000003
187237,327.25000000000006
187239,38.7
187289,64.6
187556,2985.9500000000007
187631,46.75
187647,13.649999999999999
187681,7771.999999999999
187747,0.15
187749,3581.150000000001
187864,1399.6500000000003
187866,99.09999999999998
187888,162.54999999999998
187944,10.05
187957,319.1
188026,813.6
188126,0.9999999999999999
188173,250.14999999999998
188181,977.4999999999998
188217,25.200000000000003
188252,8.3
188283,15.45
188350,153.79999999999998
188407,843.0000000000001
188480,1.0
188723,565.2000000000002
188730,41.449999999999996
188773,4217.449999999999
188821,594.15
188825,431.79999999999995
188841,3.3
188845,5.05
188856,676.6999999999998
189160,417.9
189264,1.4000000000000001
189378,3139.2
189436,490.84999999999985
189586,174.65
189611,2325.0000000000005
189663,145.60000000000002
189697,86.8
189729,191.49999999999997
189731,9.15
189744,1394.9500000000003
189758,3.3
189765,1.2000000000000002
189828,28.599999999999998
189862,1318.2999999999997
189894,26.150000000000002
189896,10.4
189951,1617.6500000000005
190077,1571.9999999999998
190262,259.0
190318,1750.8500000000001
190406,238.0
190639,3641.8500000000017
190693,123.35
190696,905.1499999999999
190995,139.35
191396,0.2
191780,255.34999999999997
192103,6947.699999999997
192633,247.65
192758,1778.6999999999998
192847,632.4000000000001
193014,694.6499999999999
193169,7.9
193197,1.65
193221,3.7
193573,727.9500000000002
193872,11.7
193997,120.75
194366,687.3000000000001
194415,3.3
194595,3413.199999999998
194723,37.7
194819,1238.2000000000003
194840,526.35
194889,4879.550000000003
194986,3.4000000000000004
195421,0.75
195482,1083.1999999999998
195483,26.450000000000003
195613,1341.25
195773,5079.0499999999965
195795,799.6499999999999
195971,22.900000000000002
195999,54.54999999999999
196281,132.25000000000003
196753,0.1
196814,1246.7
196844,578.45
197075,0.9
197282,16.0
197565,1126.0
197899,2984.4500000000007
198042,0.1
198201,2.4000000000000004
198227,39.550000000000004
198335,12.0
198476,466.35
198689,368.3
198714,67.45
199033,2596.25
199071,92.85000000000001
199073,112.0
199262,181.15
199273,66.0
199351,76.7
199370,293.05
199620,1.1
200035,51.400000000000006
200068,2.2
200097,4069.8500000000004
200312,23.4
200343,529.5500000000002
200600,1308.8000000000002
200643,107.95
200671,55.85000000000001
201070,148.85000000000002
201082,3327.9999999999995
201107,93.1
201364,0.30000000000000004
201382,6180.700000000002
201443,272.4
201872,18.0
201963,7.75
202527,120.05
202703,44.900000000000006
203003,44.45
203187,125.85000000000001
203602,1.95
203646,2166.9999999999995
203708,2.0
204960,212.35000000000002
205267,824.6
205733,1525.6999999999998
206220,19.700000000000003
206307,9.65
206500,261.30000000000007
206753,17.700000000000003
207423,4.45
208465,4.5
208766,41.75
208842,137.20000000000002
208958,116.5
209001,2535.05
209130,45.15
209765,155.5
209841,176.55
210126,6428.550000000002
210706,49.5
211101,44.25
211670,2446.7500000000005
212208,263.05000000000007
212319,9.100000000000001
212332,5731.000000000003
212361,1368.15
212386,34.349999999999994
212395,0.9
212503,38.7
212657,0.9500000000000001
212709,4091.7999999999997
212752,3.5
213251,777.25
213369,334.24999999999994
213382,544.7499999999999
213426,343.25
213473,14.8
213624,10602.199999999999
213678,1558.3
213819,357.4499999999999
213823,360.45000000000005
213827,291.15
213925,32.55
214018,51.45
214030,652.0500000000001
214043,45.099999999999994
214084,49.50000000000001
214113,481.8999999999999
214265,94.65
214275,728.65
214291,172.95
214350,42.550000000000004
214373,118.55000000000001
214477,370.34999999999997
214499,13.75
214504,921.95
214506,907.2000000000002
214509,454.05000000000007
214989,78.85000000000001
215100,26.200000000000003
215114,3.4000000000000004
215287,1070.2500000000005
215302,564.2500000000001
215421,103.14999999999999
215451,1252.7500000000002
215457,44.6
215603,796.4000000000001
215692,5.9
215716,200.14999999999998
215735,11.9
215953,388.0
215966,626.1999999999999
216199,11.750000000000002
216314,23.549999999999997
216491,59.45
216504,2904.4000000000005
216595,0.7000000000000001
216638,12.55
216725,28.400000000000002
216788,276.55
216822,14.150000000000002
216894,6.75
216910,2.0
216912,0.7
216982,637.15
216990,1500.15
217093,1227.05
217183,1580.8999999999999
217197,15.199999999999998
217238,33.6
217351,53.05
217419,75.5
217448,277.3
217477,69.5
217580,2.0
217683,163.70000000000002
217729,23.599999999999998
218076,1756.35
218225,187.99999999999997
218609,745.7500000000002
218672,4.7
218806,510.80000000000007
218828,665.4
219064,293.25
219225,838.1500000000002
219366,2096.75
219462,863.65
219515,364.94999999999993
219845,5110.900000000001
219883,0.2
219930,956.2500000000001
220034,738.5499999999998
220115,677.8499999999999
220152,392.75000000000006
220162,41.75
220164,628.8499999999998
220374,226.29999999999998
220393,1334.6000000000001
220399,866.8999999999999
220457,479.34999999999997
220477,17.5
220535,7.449999999999999
220751,325.05
220824,1.4000000000000001
220836,154.95
220994,99.15
221159,5.1000000000000005
221182,134.10000000000005
221597,0.4
221610,26.55
221734,172.95
222057,24.15
222210,33.85000000000001
222222,739.2499999999999
222349,2061.55
222373,1985.0
222465,6.0
222526,48.6
222575,1791.25
222653,21.650000000000002
222673,119.65
222769,24.35
222849,128.9
223067,87.99999999999999
223111,737.35
223221,3.3500000000000005
223356,157.4
223494,1486.3500000000004
223495,432.25
223541,113.9
223779,827.4000000000001
223813,9.8
223933,46.6
224069,12.15
224345,148.1
224364,10.5
224405,285.25
224483,635.25
224558,1261.1
224568,101.65
224649,1613.4499999999998
224719,28.0
224800,465.3
224803,6.15
224813,6.0
224871,780.5500000000001
224916,485.7499999999999
225006,150.99999999999997
225076,131.25
225235,11.0
225287,35.3
225322,11775.100000000002
225374,0.7000000000000001
225529,3.4000000000000004
225545,98.25000000000001
225546,241.8
225547,486.3
225579,256.55
225663,782.8
225716,38.45
225719,184.55
225726,4.65
225939,7.85
226031,0.6000000000000001
226136,2.7
226155,0.1
226212,303.5000000000001
226233,137.79999999999998
226431,94.35
226584,210.25000000000003
227297,50.900000000000006
227364,1185.3500000000001
227435,2011.7
227545,0.8999999999999999
227592,472.85
227634,56.55
227668,224.35000000000005
227745,4800.2
227846,442.05
227857,3.4499999999999997
227914,10.200000000000001
227951,96.19999999999999
227966,208.6
228098,2.25
228152,1232.6499999999999
228694,2775.1
228698,146.0
229216,446.85
229541,120.6
229657,12.4
229762,334.79999999999995
229778,2917.999999999999
229986,72.65
230002,39.8
230168,5455.85
230418,381.9000000000001
230663,137.1
230929,42.45
231055,2336.15
231077,709.2500000000001
231210,29.599999999999998
231252,536.3500000000004
231438,30.0
231459,2.0
231557,159.69999999999996
231704,6.75
231738,468.1499999999999
232074,2.5
232118,43.7
232490,13.900000000000002
232582,202.45000000000002
232718,41.3
233205,747.25
233276,1040.35
233357,15.200000000000001
233363,43.45
233716,70.89999999999999
233793,83.45
233890,183.85000000000002
233982,532.05
233989,2141.8499999999995
233990,1495.7500000000002
233993,104.60000000000001
234015,581.95
234172,64.9
234404,595.4499999999999
234409,1052.6499999999999
234433,68.44999999999999
234449,101.6
234452,37.0
234592,449.29999999999995
234652,64.85
234724,22.0
235104,97.10000000000002
235306,0.15
235313,52.9
235475,371.15
235717,84.14999999999999
235725,44.050000000000004
236066,415.6500000000001
236405,250.65
236741,124.6
236780,1.3499999999999999
236800,37.15
236818,3491.7500000000014
236877,1262.9999999999998
237074,406.65
237105,278.90000000000003
237108,75.05000000000001
237114,779.1500000000001
237124,166.70000000000002
237125,1.05
237130,240.9
237132,430.3
237136,402.15000000000003
237142,73.20000000000002
237151,83.05000000000003
237152,2725.899999999999
237159,37.0
237162,205.80000000000004
237164,7.3
237166,109.85
237170,424.4000000000001
237173,857.15
237181,11.85
237183,4.3
237214,1038.2999999999997
237220,1576.75
237223,109.1
237228,37.35
237285,1037.1499999999999
237309,14.6
237311,1257.85
237354,686.2999999999998
237390,650.4999999999999
237411,103.5
237416,1020.2999999999998
237421,927.3499999999998
237473,46.95
237518,2073.0500000000006
237539,10.649999999999999
237540,49.4
237553,601.45
237629,141.75
237719,142.95
237723,452.09999999999985
237743,1943.6000000000001
237749,0.4
237897,929.0000000000003
237904,194.85
238023,1607.8500000000008
238034,426.3999999999999
238096,20.3
238183,1957.6
238215,13.600000000000001
238230,5674.850000000001
238308,684.2500000000002
238460,37.75
238695,392.49999999999994
238819,38.400000000000006
238921,462.1499999999999
239009,1044.4999999999998
239010,779.95
239053,12.200000000000001
239071,10.4
239082,235.79999999999998
239112,0.15
239134,2020.1999999999996
239152,1083.0499999999997
239167,1.1
239233,47.65
239278,47.75
239280,916.6999999999999
239292,748.0
239302,723.9000000000001
239321,594.05
239379,62.45000000000001
239390,193.6
239533,4.95
239618,893.35
239701,278.45000000000005
239710,10.65
239714,2682.05
239748,14.8
239776,172.6
239798,4013.1500000000005
239806,15.4
239810,4015.599999999999
239816,19.05
239862,13.3
239879,2406.5499999999997
239917,233.95
239943,5.4
239985,514.8
239990,4863.85
240014,475.7
240054,275.85
240134,10.850000000000001
240165,17.7
240194,71.3
240294,571.5
240321,102.85000000000001
240388,32.9
240390,163.85000000000002
240436,0.5
240455,174.45000000000002
240521,109.65
240533,1.4000000000000001
240581,433.24999999999994
240792,2.4
240857,65.75
241209,456.1
241247,1010.2499999999999
241319,25.200000000000003
241415,10.45
241510,368.4
241571,38.10000000000001
241587,2279.8500000000004
241590,2236.7999999999997
241647,596.75
241658,55.35
241695,41.800000000000004
241750,609.3999999999999
241757,3377.5499999999997
241765,1321.4500000000005
241769,3.6500000000000004
241834,14.7
241838,511.15000000000003
242102,10.2
242117,164.3
242343,86.55000000000001
242351,46.2
242357,512.95
242381,17.849999999999998
242402,2.95
242407,1.0
242530,21.1
242580,316.7
242671,27.400000000000002
242673,4.0
242784,1503.7
242923,1106.75
242979,4.5
243183,1786.8000000000002
243194,21.950000000000003
243195,11.1
243197,1.6
243245,0.1
243367,60.900000000000006
243388,160.90000000000003
243424,233.70000000000002
243432,42.0
243447,3.0
243479,275.7
243507,18.0
243519,222.75
243555,139.85000000000002
243562,4.75
243582,1872.7500000000007
243621,541.3000000000001
243705,315.04999999999995
243719,18.45
244220,241.1
244253,5.1
244303,34.25
244324,659.1999999999999
244325,87.35
244327,2.7
244342,1764.8500000000001
244358,122.09999999999998
244394,223.94999999999996
244426,133.79999999999998
244462,26.900000000000002
244472,183.49999999999997
244488,44.45
244509,830.5000000000002
244512,81.15
244546,6.95
244553,6.6000000000000005
244577,578.5000000000001
244587,23.599999999999998
244589,2.5
244596,55.8
244602,894.05
244613,164.4
244621,761.0999999999997
244638,18.4
244699,11.700000000000001
244719,192.44999999999996
244727,0.2
244761,1142.2999999999997
244837,115.25
244841,947.8
244850,5.3999999999999995
244860,8.1
245069,497.35
245176,26.150000000000006
245193,66.3
245198,153.85
245217,25.9
245314,121.6
245392,3.45
245494,15.75
245535,127.64999999999999
245587,1.1
245589,971.8500000000001
245616,787.4999999999999
245635,306.54999999999995
245663,10.35
245673,51.5
245676,3.5999999999999996
245679,22.8
245757,2569.5500000000006
245836,887.45
245848,168.75
245855,232.64999999999998
245857,3230.2
245891,83.90000000000002
245931,1494.15
246001,11.600000000000001
246066,787.6999999999999
246081,54.45
246146,1.8
246191,3244.6000000000013
246204,890.5000000000001
246252,4649.050000000003
246263,1302.7
246291,4.800000000000001
246296,15.75
246311,305.1000000000001
246440,243.5
246501,24.7
246545,2.35
246562,4185.249999999999
246566,187.64999999999998
246589,916.8999999999999
246597,166.35
246646,1853.15
246671,5.2
246706,4990.950000000002
246753,414.00000000000006
246807,371.4
246859,410.95
247015,551.8500000000001
247099,2.25
247164,3005.3000000000006
247177,100.90000000000003
247252,2253.7499999999995
247282,352.25
247367,1096.0500000000002
247396,712.2500000000001
247495,464.3
247496,1592.7499999999998
247545,412.45
247603,189.4
247608,1.7999999999999998
247667,141.6
247682,188.65000000000003
247694,4093.650000000001
247738,47.400000000000006
247913,1.0
247926,12.7
247944,4.85
247975,19.299999999999997
247999,424.4
248149,3505.3
248179,11.9
248200,706.9999999999999
248221,148.20000000000002
248233,45.95
248305,46.05
248414,116.74999999999997
248416,74.35000000000001
248505,112.60000000000001
248511,84.44999999999999
248525,11.35
248543,371.0999999999998
248545,257.45
248556,111.45
248681,516.6999999999999
248756,317.15
248823,2001.85
248834,22.650000000000002
248835,48.25
248852,565.65
248858,561.1
248921,15.549999999999999
248992,269.0
249035,98.45000000000002
249079,214.25000000000003
249119,2399.1999999999985
249125,4846.950000000001
249143,134.1
249169,441.25000000000006
249200,33.95
249281,988.9000000000001
249304,5601.899999999999
249311,435.85
249337,3447.7
249399,5.8500000000000005
249447,2004.85
249506,5.0
249513,239.05
249564,2299.85
249566,632.2500000000001
249614,828.4499999999999
249628,79.10000000000001
249759,230.04999999999993
249786,49.85
249790,23.599999999999998
249886,1.3499999999999999
249889,14.049999999999999
249926,761.4
249986,74.7
250114,993.15
250250,12.649999999999999
250253,440.1000000000001
250390,2.5
250507,57.25000000000001
250641,1125.45
250672,845.0000000000002
250683,2922.9500000000003
250702,810.3500000000001
250712,172.89999999999998
250766,142.45000000000002
250834,545.0000000000001
250846,0.15
250865,346.45000000000005
250909,260.15000000000003
250932,33.95
250939,689.0
250954,28.150000000000002
250981,291.85
251006,588.8000000000001
251042,104.24999999999999
251045,1.2
251060,551.3500000000001
251085,833.3000000000001
251096,150.4
251130,1735.3499999999992
251144,12.200000000000001
251163,64.6
251196,10.200000000000001
251200,2129.599999999999
251250,181.45000000000002
251255,106.75
251272,1292.8
251284,935.5000000000001
251303,27.449999999999996
251309,110.6
251314,2723.099999999999
251340,497.25000000000006
251365,30.299999999999997
251418,9.200000000000001
251522,247.25
251529,1387.3999999999999
251537,1469.0999999999997
251541,930.8
251592,47.4
251599,2312.9
251600,16.0
251602,977.6500000000001
251616,387.45000000000005
251667,41.05
251668,1525.6999999999998
251709,138.9
251787,13.649999999999999
251790,38.949999999999996
251856,862.1499999999999
251895,136.14999999999998
251917,297.50000000000006
251918,6.8999999999999995
251924,0.45
251927,4839.400000000002
251932,851.2000000000003
251933,1297.4000000000003
251966,39.45
251979,2650.6
252005,521.5
252036,180.85000000000002
252079,38.050000000000004
252099,15.900000000000002
252105,106.5
252138,135.10000000000002
252143,511.95
252147,56.05
252168,48.35
252182,151.2
252191,4.7
252209,106.80000000000001
252217,2239.299999999999
252256,428.34999999999997
252271,455.0000000000001
252272,1102.6
252315,35.15
252364,795.4500000000002
252445,40.95
252449,895.05
252496,593.5
252578,3502.1500000000015
252584,4284.149999999999
252732,4015.95
252772,122.25000000000001
252779,3735.9
252794,151.0
252798,404.25
252805,203.10000000000005
252828,2169.1000000000004
252887,3477.950000000001
252942,97.3
252952,37.05
252963,20.9
253003,1052.3499999999997
253006,136.60000000000002
253019,321.25
253025,1562.2999999999997
253061,26.3
253109,1.95
253135,1.3
253172,33.6
253213,3.75
253228,9.85
253257,27.2
253277,36.65
253459,0.45
253479,40.199999999999996
253558,1021.1999999999999
253574,649.5
253609,71.9
253647,3287.150000000001
253656,8.85
253716,150.3
253719,1266.65
253722,78.85
253733,213.30000000000004
253734,56.1
253736,2002.100000000001
253761,1382.65
253771,43.900000000000006
253796,406.99999999999994
253811,63.4
253927,132.9
254177,279.90000000000003
254263,1745.75
254269,814.2
254355,83.0
254404,24.1
254415,561.4500000000003
254436,63.75000000000001
254440,570.5499999999998
254487,1420.7999999999997
254517,2993.600000000001
254549,40.6
254587,23.150000000000002
254616,38.35
254655,363.04999999999995
254690,325.04999999999995
254736,110.9
254746,527.1999999999999
254750,980.4499999999998
254872,152.9
254874,125.3
254901,13.05
254933,273.20000000000005
254943,85.95
254971,2267.7000000000003
255025,309.95
255033,103.35000000000001
255044,82.4
255061,744.7000000000002
255078,179.65
255106,509.65000000000003
255177,9.600000000000001
255201,112.7
255240,15.649999999999999
255280,20.650000000000002
255296,305.6000000000001
255393,119.55
255398,211.45000000000005
255499,1120.6499999999996
255549,195.7
255553,4272.55
255567,22.05
255579,0.9
255580,27.55
255615,55.95
255647,19.3
255660,2345.6
255691,623.55
255701,654.3000000000001
255746,114.05000000000001
255754,872.0500000000002
255812,64.50000000000001
255861,551.7999999999998
255869,91.70000000000002
255875,31.099999999999998
255906,314.65000000000003
255915,1776.7
255972,1475.2499999999998
256019,1881.4999999999995
256058,7.800000000000001
256164,142.8
256165,263.65000000000003
256179,86.35
256188,167.45
256204,16.700000000000003
256293,40.7
256301,32.2
256335,159.9
256336,4.4
256338,6.1499999999999995
256341,626.6000000000001
256390,644.4000000000001
256402,14.45
256438,28.25
256460,74.55
256505,42.80000000000001
256557,2532.3500000000004
256585,125.0
256635,2528.8999999999996
256637,185.2
256669,2319.2
256721,561.9
256725,131.45
256726,660.0000000000001
256732,21.15
256746,578.9000000000002
256749,192.5
256759,312.0999999999999
256770,49.050000000000004
256788,206.95000000000002
256819,124.15
256826,17.9
256841,289.69999999999993
256858,198.5
256867,0.8
256871,139.95
256876,1566.5000000000005
256901,549.8000000000001
256911,758.5500000000001
256923,19.1
256961,18.599999999999998
256971,1388.2
256977,64.35
257017,35.4
257092,1097.8999999999999
257101,870.0
257108,1733.6999999999998
257118,647.25
257131,1139.7499999999998
257137,78.2
257231,0.8
257235,1000.05
257251,55.5
257268,6613.049999999998
257270,31.599999999999998
257272,2427.6000000000013
257277,0.7000000000000001
257364,111.99999999999999
257407,496.80000000000007
257433,598.2499999999998
257457,42.9
257464,1038.8500000000001
257493,34.15
257609,539.5
257611,0.8
257636,188.29999999999998
257643,506.05
257659,105.95000000000002
257678,2158.65
257685,7.65
257687,111.60000000000002
257698,13.3
257710,92.30000000000001
257730,58.64999999999999
257740,1.2
257802,5.6000000000000005
257808,1858.600000000001
257825,176.4
257889,0.5
257913,61.05
257952,16.8
257954,10.149999999999999
258062,244.20000000000002
258082,1.35
258150,99.94999999999999
258185,46.35
258233,1329.6000000000001
258236,103.3
258239,1722.3500000000001
258256,18.15
258274,0.1
258306,882.6500000000002
258351,417.65
258360,232.15
258440,55.199999999999996
258615,2179.4999999999995
258628,1380.3000000000004
258638,51.949999999999996
258672,23.200000000000003
258689,33.1
258699,44.25
258701,139.64999999999998
258765,786.9000000000001
258772,0.8
258815,36.70000000000001
258955,413.4499999999999
258982,1.0
259040,995.6
259114,116.44999999999999
259123,2741.5000000000023
259148,803.1500000000001
259187,1268.95
259202,33.5
259224,122.79999999999998
259263,709.7000000000002
259264,539.3000000000001
259271,1190.2499999999998
259275,2268.8500000000004
259278,3987.5499999999997
259282,2089.8499999999995
259286,587.1000000000003
259288,1331.1000000000004
259302,1259.7499999999995
259307,43.50000000000001
259313,100.15
259324,50.1
259326,884.1999999999999
259331,35.650000000000006
259346,95.9
259363,65.2
259364,15.299999999999999
259383,185.50000000000003
259392,295.1000000000001
259401,132.15
259447,128.8
259449,15.65
259474,12.299999999999999
259546,4.65
259551,1870.5999999999995
259561,2.7
259572,2140.05
259663,10.350000000000001
259697,104.00000000000001
259723,1376.7500000000002
259724,0.1
259732,687.35
259737,303.95
259738,3.55
259746,460.9000000000001
259751,927.3000000000002
259759,1018.35
259779,253.0
259781,1144.5999999999997
259798,2293.750000000001
259807,411.45
259832,36.6
259835,117.6
259836,113.7
259840,501.95000000000005
259841,441.35
259844,121.85000000000001
259847,189.9
259848,1.5
259850,647.0500000000001
259862,115.45
259891,490.24999999999994
259895,142.1
259915,579.7499999999999
259947,2692.85
259953,420.7
259977,8.3
259981,48.8
259989,145.1
259990,1048.8000000000004
259991,240.35
260006,457.1000000000001
260008,95.69999999999999
260009,0.2
260022,12.05
260027,14.350000000000001
260029,1.8
260032,2.5
260041,404.0499999999999
260047,1032.5
260055,2006.5000000000002
260058,507.3999999999999
260059,44.4
260064,55.75
260065,157.45
260071,294.95000000000005
260072,859.2499999999999
260076,53.45
260079,31.25
260081,344.35
260085,461.40000000000003
260098,368.9000000000001
260102,433.2
260112,654.6
260119,33.65
260122,515.0500000000001
260134,389.84999999999997
260135,52.2
260141,743.8
260146,2292.35
260159,1076.0000000000002
260168,180.95000000000002
260171,442.7
260191,1061.3
260205,0.30000000000000004
260213,2.7
260236,79.55000000000001
260246,5.25
260252,27.400000000000002
260271,14.950000000000001
260283,568.0999999999999
260307,317.05
260318,959.2
260319,0.45000000000000007
260326,10.45
260328,936.6499999999997
260333,64.55
260335,41.6
260337,31.150000000000002
260352,942.4
260357,352.65000000000003
260372,517.85
260373,599.0499999999998
260387,45.9
260403,3373.8999999999996
260405,1953.5
260412,2406.3999999999996
260413,2580.9
260414,72.85
260415,242.4
260419,497.04999999999995
260423,0.2
260426,40.15
260431,579.4499999999999
260435,406.45000000000005
260437,292.20000000000005
260443,776.7499999999999
260447,146.29999999999998
260453,693.6999999999997
260466,8.45
260478,164.94999999999996
260480,7.500000000000001
260494,31.099999999999998
260497,846.5500000000001
260499,24.4
260506,277.6
260530,140.0
260544,0.95
260605,0.45
260622,28.8
260743,200.00000000000003
260777,3.8000000000000003
260823,121.8
260827,5.6
260843,3.5
260863,33.4
260908,199.05000000000004
260911,16.8
260914,27.200000000000003
260920,98.15
260935,1.45
260978,434.50000000000006
260990,1037.65
261003,96.75000000000001
261006,58.00000000000001
261050,814.1
261091,54.15
261105,346.25
261109,518.0000000000001
261133,2.0
261135,44.85000000000001
261163,1733.7000000000003
261195,92.35000000000001
261217,8.55
261290,1286.7
261292,1000.6500000000002
261294,503.55
261303,27.549999999999997
261319,236.75000000000003
261342,2607.150000000001
261353,12.600000000000001
261370,36.45
261386,94.05
261388,1289.9499999999998
261402,121.95000000000002
261425,8.0
261426,0.2
261452,148.9
261470,1176.35
261479,21.6
261492,28.200000000000003
261512,5.4
261539,16.9
261547,47.599999999999994
261548,3.2
261624,144.15000000000003
261625,67.2
261632,380.40000000000003
261637,455.0500000000002
261686,25.1
261706,55.35
261712,54.3
261777,0.30000000000000004
261786,3.0
261815,7.1000000000000005
261825,17.900000000000002
261836,1034.2500000000005
261912,788.25
261928,1086.15
261930,6.800000000000001
261956,98.75000000000001
261968,185.8
262001,1371.4000000000003
262009,13.8
262028,3.9
262050,18.45
262070,42.5
262104,221.00000000000003
262123,445.65000000000003
262136,10.200000000000001
262154,137.85
262159,201.89999999999995
262185,1.8
262187,54.2
262213,136.1
262230,213.35000000000002
262236,2.8000000000000003
262240,141.85
262255,13.549999999999999
262273,18.400000000000002
262278,204.65000000000003
262283,964.5
262290,0.5
262298,507.8500000000001
262301,74.4
262342,54.94999999999999
262373,2.2
262390,301.3499999999999
262406,0.44999999999999996
262445,25.2
262448,61.14999999999999
262451,4.45
262474,293.90000000000003
262486,30.849999999999998
262490,9.65
262497,94.69999999999999
262522,0.1
262534,252.95
262557,8.1
262565,0.6000000000000001
262652,6.0
262702,47.6
262725,58.849999999999994
262806,24.3
262838,907.85
262855,534.9999999999999
262861,18.3
262875,113.75
262884,1317.6499999999996
262892,276.65
262893,3.6
262966,594.0999999999999
262970,152.79999999999998
262972,18.15
262973,1569.4500000000003
262980,43.35
262983,10.9
262985,2.7
262986,114.55
262991,646.0500000000002
262998,77.7
263005,1.45
263010,8.0
263037,187.70000000000002
263045,0.2
263095,53.550000000000004
263142,2.0
263153,85.00000000000001
263166,137.55
263204,22.25
263214,0.1
263230,0.45
263239,0.1
263249,150.85
263252,106.6
263256,308.0
263279,163.25
263283,531.1999999999999
263287,336.25
263305,287.25
263315,1338.3999999999999
263339,10.450000000000001
263367,83.60000000000001
263369,0.5
263374,0.6000000000000001
263389,0.25
263394,135.65
263419,362.1000000000001
263425,68.69999999999999
263434,20.1
263459,0.1
263499,1.05
263514,20.150000000000002
263516,0.30000000000000004
263549,248.89999999999995
263555,15.950000000000001
263572,32.45
263602,38.85
263607,2.1
263636,3.8000000000000003
263638,83.6
263647,4.8500000000000005
263655,0.2
263697,14.149999999999999
263775,20.700000000000003
263794,2.25
263811,1.9000000000000001
263821,45.10000000000001
263827,654.15
263839,138.75
263879,3.15
263882,3.6
263895,8.2
263905,1275.2500000000002
263910,11.9
263945,32.4
263964,103.8
263990,4.7
264011,2.25
264020,1.8
264088,9.0
264096,26.049999999999997
264103,75.70000000000002
264164,74.2
264180,23.6
264185,1.3
264191,442.09999999999997
264220,21.75
264244,176.7
264254,15.350000000000001
264255,118.24999999999999
264259,154.54999999999998
264264,6.7
264286,234.39999999999998
264298,32.50000000000001
264306,1.8
264307,10.2
264327,8.350000000000001
264329,16.55
264348,49.7
264375,820.0500000000001
264379,4127.65
264380,73.4
264390,9.000000000000002
264399,14.999999999999998
264406,13.849999999999998
264431,71.3
264435,29.850000000000005
264441,1073.2
264466,0.2
264497,1.4000000000000001
264524,1028.3000000000002
264554,1025.4999999999998
264561,43.45000000000001
264562,4.4
264615,2.05
264616,0.8
264621,0.30000000000000004
264622,1.0
264628,479.4000000000001
264633,30.650000000000002
264663,8.6
264666,1101.8000000000004
264680,8.900000000000002
264694,38.1
264711,37.699999999999996
264714,0.45
264772,70.30000000000001
264795,129.3
264804,26.4
264813,0.1
264851,127.69999999999999
264861,4.6000000000000005
264865,387.1
264866,70.5
264871,922.1
264888,1.2
264965,0.1
264989,448.3999999999999
265015,40.900000000000006
265044,656.4499999999999
265085,112.75
265087,0.5
265105,2.1
265127,2.6
265133,18.700000000000006
265158,10.600000000000001
265183,51.45
265214,123.35
265252,4.6
265259,4.4
265290,1.4000000000000001
265297,62.5
265300,72.45
265302,35.45
265308,0.1
265314,2.1
265320,31.549999999999997
265328,11.049999999999999
265331,16.35
265334,0.9
265337,0.30000000000000004
265352,8.1
265365,38.2
265370,85.89999999999999
265391,129.39999999999998
265396,703.7
265408,3.0500000000000003
265411,35.300000000000004
265447,26.15
265448,50.35
265455,33.4
265457,0.6499999999999999
265462,21.75
265468,5.4
265478,10.149999999999999
265482,21.75
265500,1715.25
265509,5.6000000000000005
265515,3.8999999999999995
265522,31.199999999999996
265547,323.75
265548,580.6999999999999
265557,5.4
265575,0.2
265576,5.85
265582,3.0
265587,4.2
265594,4.05
265607,66.95
265616,0.1
265623,14.25
265631,71.75
265636,2.8000000000000003
265637,5.1000000000000005
265653,53.00000000000001
265656,1553.15
265667,432.4
265696,17.25
265716,0.1
265718,183.95000000000002
265719,334.54999999999995
265720,14.850000000000001
265727,608.5499999999998
265733,32.1
265744,614.7
265765,338.45
265775,46.7
265812,52.25
265819,81.95
265822,363.44999999999993
265835,36.95
265840,26.900000000000002
265873,5.4
265877,7.6000000000000005
265883,58.3
265903,28.35
265913,8.5
265923,0.2
265938,73.85
265943,299.79999999999995
265955,0.5
266005,31.200000000000003
266016,2.5
266020,84.55
266021,0.2
266030,585.25
266031,0.1
266053,3.9
266055,116.89999999999999
266094,0.5
266109,0.44999999999999996
266111,2.55
266112,1.0
266122,529.1999999999999
266133,0.1
266145,1.25
266148,0.4
266155,1.3499999999999999
266157,3.2
266161,128.15
266176,21.8
266179,96.55
266190,54.35000000000001
266191,1.2000000000000002
266194,25.95
266197,0.2
266214,47.599999999999994
266229,6.2
266231,2.7
266272,181.54999999999998
266280,26.6
266293,2012.85
266301,19.15
266316,1.9499999999999997
266329,158.95000000000002
266331,171.60000000000002
266332,19.800000000000004
266346,766.9499999999999
266348,0.1
266353,32.4
266361,1.6
266375,172.5
266409,42.75
266432,975.4500000000003
266450,129.8
266455,32.0
266458,31.050000000000004
266465,19.05
266479,323.25
266494,21.0
266499,12.05
266518,25.75
266531,9.450000000000001
266543,24.6
266544,1.05
266549,67.3
266557,18.35
266560,1733.2000000000007
266564,477.80000000000007
266566,0.4
266570,240.70000000000002
266571,2.2
266572,0.9
266573,65.9
266577,0.30000000000000004
266579,2.0
266581,16.65
266584,138.40000000000003
266590,9.15
266591,9.950000000000001
266595,47.3
266597,11.5
266608,1.5
266615,302.94999999999993
266616,1.7999999999999998
266623,60.45
266624,1.65
266630,363.44999999999993
266631,186.0
266640,41.85
266646,81.75
266647,32.4
266648,0.5
266653,6.3
266659,46.9
266666,354.65
266669,1.9000000000000001
266675,195.7
266677,119.5
266702,247.65
266705,1226.95
266716,143.55
266718,6.0
266720,131.54999999999998
266725,425.7
266741,9.200000000000001
266747,393.4000000000001
266753,49.05
266768,134.89999999999998
266772,400.65000000000015
266773,226.90000000000003
266775,321.99999999999994
266777,151.45
266786,9.4
266792,54.599999999999994
266794,9.15
266795,10.600000000000001
266803,46.849999999999994
266808,3.15
266812,386.9500000000001
266814,0.1
266815,24.45
266820,2.1
266821,2.4000000000000004
266823,1.1
266824,2.7
266835,26.7
266837,3.2
266843,10.8
266844,2.2
266846,72.25
266847,69.95000000000002
266856,98.9
266866,27.300000000000004
266867,7.3500000000000005
266872,18.0
266873,864.9
266880,1.35
266887,271.85
266889,1.9
266891,3.4000000000000004
266897,37.699999999999996
266898,74.60000000000001
266905,110.1
266908,0.3
266909,311.0
266915,77.5
266917,4.05
266920,1266.4999999999993
266926,8.85
266937,415.7000000000002
266946,4.300000000000001
266951,8.500000000000002
266953,138.85
266971,0.45
266973,79.65
266976,29.599999999999998
266990,8.2
266993,3.4499999999999997
266994,15.25
266995,66.39999999999999
267006,8.649999999999999
267012,21.799999999999994
267014,82.4
267018,11.850000000000001
267021,88.25
267024,547.5000000000001
267031,2.1
267032,197.40000000000003
267057,27.4
267063,0.15
267076,15.0
267082,10.0
267084,11.65
267086,6.3
267089,207.5
267098,46.35000000000001
267103,10.700000000000001
267104,5.1
267106,2.3000000000000003
267125,194.99999999999994
267131,711.7000000000002
267137,40.05
267142,18.650000000000002
267150,252.70000000000002
267151,309.05
267159,1479.4499999999998
267164,6.550000000000001
267165,58.050000000000004
267166,654.9000000000003
267169,565.6999999999999
267173,10.5
267181,62.49999999999999
267184,3.1
267191,0.6000000000000001
267192,101.55
267193,70.60000000000001
267197,2.3000000000000003
267198,36.800000000000004
267204,36.25
267212,177.74999999999997
267219,26.549999999999997
267221,14.55
267230,1.7000000000000002
267232,25.65
267251,12.1
267252,4.35
267263,15.149999999999999
267267,268.2
267269,53.050000000000004
267270,7.3
267274,3.5999999999999996
267291,0.9
267293,4.4
267301,190.65
267306,89.55
267307,11.7
267313,10.35
267326,3.75
267328,0.8999999999999999
267329,0.6
267348,0.4
267350,0.1
267353,38.349999999999994
267359,17.950000000000003
267360,1.35
267369,4.9
267372,515.95
267375,10.049999999999999
267377,351.79999999999995
267381,0.1
267384,9.0
267388,80.15
267392,37.3
267399,5.6000000000000005
267401,28.45
267404,1.8
267411,67.95
267413,10.35
267416,40.95
267418,0.4
267427,32.05
267432,0.45
267440,47.4
267443,3.7
267457,51.099999999999994
267466,2.5
267467,5.7
267469,254.99999999999997
267471,9.55
267480,20.450000000000003
267501,19.2
267503,276.45000000000005
267511,7.6000000000000005
267515,2.25
267517,200.59999999999997
267523,600.0999999999999
267524,0.6000000000000001
267535,1.4000000000000001
267537,330.9
267538,1.2000000000000002
267542,0.1
267544,305.54999999999995
267548,0.44999999999999996
267562,12.299999999999999
267563,50.099999999999994
267570,6.050000000000001
267599,1.0
267612,106.75
267620,3.75
267649,92.15
267653,203.35
267654,800.7500000000001
267665,0.1
267670,24.6
267676,0.9
267679,0.15
267683,205.74999999999997
267685,7.3500000000000005
267690,7.2
267712,9.3
267713,271.20000000000005
267730,144.15
267735,51.300000000000004
267746,0.4
267748,70.44999999999999
267753,10.100000000000001
267754,21.0
267760,5.300000000000001
267766,65.40000000000002
267778,4.35
267783,0.2
267787,60.2
267795,86.3
267821,2.5
267825,268.49999999999994
267841,4.65
267848,15.65
267852,0.6000000000000001
267879,170.79999999999998
267891,749.5000000000001
267893,1.7999999999999998
267905,203.24999999999994
267910,162.49999999999991
267915,11.35
267916,3.2
267924,2.8499999999999996
267929,12.450000000000001
267946,3.6
267959,3.9000000000000004
267967,17.4
267985,0.9
267987,840.15
267990,1.2000000000000002
268002,22.15
268005,0.9
268010,3.15
268014,61.400000000000006
268046,6.800000000000001
268054,1.4000000000000001
268058,184.45
268077,441.25
268091,4.1000000000000005
268097,0.7000000000000001
268101,3.9000000000000004
268117,111.35
268135,0.3
268138,9.1
268140,348.65000000000003
268145,11.0
268150,7.25
268154,408.1000000000001
268156,31.5
268158,2.0
268168,0.6
268176,0.15
268180,5.0
268193,2.8499999999999996
268196,650.35
268214,3.4000000000000004
268216,4.2
268217,291.1000000000001
268220,2.8000000000000003
268224,2.8000000000000003
268232,8.0
268241,1.4000000000000001
268243,0.1
268245,30.65
268249,1.2000000000000002
268250,168.9
268252,30.1
268254,0.4
268258,2.3000000000000003
268271,16.400000000000002
268283,5.800000000000001
268290,27.1
268293,1.5
268300,28.3
268306,3.9000000000000004
268307,216.49999999999997
268308,3.1500000000000004
268309,11.5
268311,388.5
268315,24.000000000000004
268321,0.95
268331,82.1
268332,64.05
268348,76.45
268349,115.2
268354,1.2
268357,226.49999999999997
268366,32.15
268385,14.399999999999999
268386,185.75
268389,4.0
268395,18.45
268397,0.15
268402,3.6
268406,0.6
268417,36.550000000000004
268420,103.55000000000001
268422,54.35
268423,27.05
268454,133.55
268458,551.1999999999999
268459,180.89999999999998
268460,106.95
268503,91.60000000000001
268513,88.70000000000002
268515,15.15
268517,0.1
268529,208.8
268530,21.800000000000004
268532,497.45
268539,559.8499999999999
268545,41.1
268547,0.15
268553,717.9499999999999
268582,0.15
268584,1.3499999999999999
268597,109.15
268614,203.54999999999998
268619,22.95
268626,23.1
268634,80.39999999999999
268635,286.65
268639,433.05000000000007
268641,4.95
268645,52.449999999999996
268648,2.0
268653,9.200000000000001
268667,0.4
268674,6.800000000000001
268684,0.1
268706,10.350000000000001
268720,19.799999999999997
268721,8.8
268742,155.1
268748,7.1000000000000005
268756,5.0
268765,4.35
268775,72.39999999999999
268796,418.80000000000007
268799,33.800000000000004
268818,5.25
268826,7.0
268829,122.64999999999999
268832,49.95
268834,15.9
268841,5.1
268843,80.6
268844,3.7500000000000004
268850,196.35
268855,56.6
268856,6.7
268872,1.8
268886,168.95000000000002
268913,99.75
268915,6.45
268937,224.60000000000002
268944,3.6500000000000004
268945,204.00000000000003
268946,106.1
268956,8.1
268957,1.6
268968,68.7
268970,303.8
268984,0.44999999999999996
268987,798.7
269002,0.8999999999999999
269007,97.30000000000001
269013,259.5
269036,36.75
269037,277.65000000000003
269038,0.4
269049,13.150000000000002
269060,50.25
269061,356.00000000000006
269062,39.60000000000001
269063,0.2
269073,252.34999999999997
269074,42.45
269094,1.4500000000000002
269111,214.55000000000004
269121,9.85
269128,0.30000000000000004
269132,14.2
269156,18.1
269158,123.04999999999998
269160,93.55
269163,17.650000000000002
269164,46.35
269166,0.2
269174,0.5
269187,130.85000000000002
269199,10.700000000000001
269202,6.15
269222,22.85
269232,11.5
269239,0.1
269243,44.6
269246,38.75000000000001
269254,9.9
269256,243.04999999999998
269259,150.25000000000006
269261,29.45
269263,3.5
269267,28.35
269269,1.5
269281,263.34999999999997
269286,40.050000000000004
269290,277.9
269294,140.3
269297,27.099999999999998
269309,1.4000000000000001
269313,5.2
269318,710.3000000000001
269321,261.1499999999999
269324,131.0
269332,108.60000000000001
269337,114.60000000000001
269346,0.30000000000000004
269347,0.30000000000000004
269349,0.30000000000000004
269351,79.75
269353,24.85
269356,1193.95
269360,0.9000000000000001
269362,26.950000000000003
269366,244.95000000000002
269376,131.15
269377,155.05
269378,55.300000000000004
269380,19.15
269382,1.6
269383,14.950000000000001
269384,220.55
269388,55.550000000000004
269389,4.95
269391,17.6
269396,28.0
269402,197.35000000000002
269403,243.10000000000002
269404,72.45
269405,211.59999999999997
269407,51.25
269411,1.3
269427,58.05
269429,126.2
269432,1.3499999999999999
269433,20.8
269434,82.1
269435,0.15
269441,7.5
269442,33.35
269443,16.05
269444,225.04999999999998
269446,114.75000000000001
269448,15.850000000000001
269450,19.05
269452,4.35
269458,2.2
269461,125.60000000000002
269463,376.55000000000007
269467,81.94999999999999
269469,2.8000000000000003
269471,116.05000000000001
269473,1.3499999999999999
269474,73.85
269475,117.4
269481,2.1
269482,28.25
269486,46.8
269487,0.75
269495,19.85
269497,0.5
269498,0.7000000000000001
269506,51.15
269508,7.5
269510,7.55
269512,14.35
269514,21.85
269516,12.350000000000001
269518,0.2
269522,49.85
269526,7.1
269528,31.9
269530,14.7
269542,9.0
269547,8.7
269550,49.74999999999999
269556,0.75
269557,630.3000000000001
269559,305.45000000000005
269567,339.0
269568,15.6
269572,59.74999999999999
269574,27.75
269577,8.700000000000001
269580,32.55
269583,3.15
269586,26.0
269587,3.0
269588,0.75
269592,8.7
269598,73.69999999999999
269601,2.0999999999999996
269612,74.3
269615,33.25
269616,0.45
269617,21.8
269624,11.200000000000001
269627,103.94999999999999
269628,223.9
269632,0.5
269642,53.65
269644,17.4
269648,0.6
269653,19.9
269657,152.8
269661,27.450000000000003
269662,40.95
269667,2.25
269668,74.3
269670,4.95
269672,35.3
269674,61.150000000000006
269676,12.299999999999999
269678,118.30000000000003
269680,0.15
269682,103.65
269684,212.55
269685,20.0
269687,156.3
269690,73.64999999999999
269691,67.9
269695,67.2
269701,44.9
269703,23.95
269707,110.75
269708,1.3
269709,84.75
269710,70.0
269712,10.85
269718,1.0
269723,90.55
269728,1.2
269729,1.35
269730,8.85
269733,1.4999999999999998
269736,5.200000000000001
269738,1.2
269739,32.0
269742,62.0
269747,0.15
269753,515.3499999999999
269755,1.0499999999999998
269756,28.35
269757,15.0
269758,138.65
269760,0.44999999999999996
269761,37.650000000000006
269767,349.75
269768,26.7
269770,20.45
269771,87.75
269775,28.550000000000004
269776,17.15
269777,4.55
269778,41.3
269779,3.85
269783,35.0
269787,64.7
269790,36.25
269795,0.3
269800,15.0
269804,2.8499999999999996
269806,33.1
269811,0.30000000000000004
269812,12.6
269814,16.5
269815,21.45
269819,16.5
269820,31.700000000000003
269828,0.5
269829,66.3
269831,2.2
269832,3.8500000000000005
269838,1.5
269848,4.7
269850,0.8
269859,219.7
269866,0.3
269869,170.35000000000002
269874,73.9
269875,6.0
269879,1.7999999999999998
269880,4.6499999999999995
269885,30.75
269888,33.0
269890,3.0
269894,64.64999999999999
269899,0.8
269902,199.5
269911,48.05
269917,0.75
269919,3.0
269921,4.0
269922,108.59999999999998
269930,20.0
269932,14.85
269933,141.05
269943,1.9000000000000001
269952,84.7
269962,0.44999999999999996
269967,15.899999999999999
269972,16.8
269978,20.85
269987,31.199999999999996
269989,45.1
269990,2.5000000000000004
269991,13.1
269992,27.400000000000002
269994,0.9
269998,0.30000000000000004
269999,1.1
270008,79.69999999999999
270013,0.1
270016,14.75
270020,15.0
270023,11.35
270026,57.050000000000004
270028,2.3000000000000003
270032,6.65
270033,11.200000000000001
270041,20.6
270042,0.45
270044,135.7
270046,20.0
270052,112.4
270053,27.049999999999997
270058,0.1
270064,2.0
270073,446.95000000000005
270074,0.6000000000000001
270078,136.95000000000002
270080,0.3
270082,16.8
270085,10.9
270086,31.5
270088,424.85
270097,4.05
270098,4.05
270104,0.45
270106,61.4
270107,37.800000000000004
270108,7.2
270120,22.65
270121,9.0
270124,0.3
270125,33.95
270129,45.6
270131,13.5
270132,1.8
270137,28.95
270138,5.8500000000000005
270143,5.8500000000000005
270146,85.9
270147,31.85
270151,10.650000000000002
270152,2.25
270153,29.700000000000003
270159,50.1
270160,0.15
270178,22.700000000000003
270197,57.8
270202,27.450000000000003
270207,6.3
270217,28.8
270220,6.45
270226,2.25
270227,12.45
270230,159.79999999999998
270232,9.0
270233,0.44999999999999996
270235,5.1
270237,2.6
270249,20.1
270253,5.6
270258,32.9
270266,1.7000000000000002
270275,12.15
270276,32.9
270277,2.3000000000000003
270282,5.05
270290,2.9000000000000004
270294,41.7
